name,slug,tier,description
Adrenaline Burst,adrenaline-burst,Bruiser,"<p>Once per scene, spend a Fear to clear 2 HP and 2 Stress.</p>"
Anger Unrelenting,anger-unrelenting,Bruiser,<p>The Demon’s attacks deal direct damage.</p>
Battering Ram,battering-ram,Bruiser,"<p><strong>Mark a Stress</strong> to have the Brawler charge at an inanimate object within Close range they could feasibly smash (such as a wall, cart, or market stand) and destroy it. All targets within Very Close range of the object must succeed on an Agility Reaction Roll or take <strong>2d4+3</strong> physical damage from the shrapnel.</p><p>@Template[type:circle|range:vc]</p>"
Battle Lust,battle-lust,Bruiser,<p><strong>Spend a Fear</strong> to boil the blood of all PCs within Far range. They use a d20 as their Fear Die until the end of the scene.</p><p>@Template[type:emanation|range:f]</p>
Bite,bite,Bruiser,"<p><strong>Mark a Stress</strong> to make an attack against a target within Melee range. On a success, deal <strong>3d4+10</strong> physical damage and the target is <em>Restrained</em> until they break free with a successful Strength Roll.</p>"
Blood and Souls,blood-and-souls,Bruiser,"<p>Countdown (Loop 6). Activate the first time an attack is made within sight of the Demon. It ticks down when a PC takes a violent action. When it triggers, summon [[/r 1d4]]@UUID[Compendium.daggerheart.adversaries.Actor.3tqCjDwJAQ7JKqMb]{Minor Demons}, who appear at Close range.</p>"
Blood in the Water,blood-in-the-water,Bruiser,"<p>When a creature within Close range of the Shark marks HP from another creature’s attack, you can <strong>mark a Stress</strong> to immediately spotlight the Shark, moving them into Melee range of the target and making a standard attack.</p>"
Bloody Reprisal,bloody-reprisal,Bruiser,"<p>When the Brawler marks 2 or more HP from an attack within Very Close range, you can make a standard attack against the attacker. On a success, the Brawler deals <strong>2d6+15</strong> physical damage instead of their standard damage.</p>"
Box In,box-in,Bruiser,<p><strong>Mark a Stress</strong> to choose a target within Very Close range to focus on. That target has disadvantage on attack rolls when they’re within Very Close range of the Sentinel. The Sentinel can only focus on one target at a time.</p>
Chaotic Form,chaotic-form,Bruiser,"<p>When the Abomination attacks, roll <strong>2d4</strong> and use the result as their attack modifi er.</p>"
Charging Bull,charging-bull,Bruiser,"<p><strong>Mark a Stress</strong> to charge through a group within Close range and make an attack against all targets in the Minotaur’s path. Targets the Minotaur succeeds against take <strong>2d6+8</strong> physical damage and are knocked back to Very Far range. If a target is knocked into a solid object or another creature, they take an extra <strong>1d6</strong> damage (combine the damage).</p>"
Clear the Decks,clear-the-decks,Bruiser,"<p>Make an attack against a target within Very Close range. On a success, <strong>mark a Stress</strong> to move into Melee range of the target, dealing <strong>3d4</strong> physical damage and knocking the target back to Close range.</p>"
Crushing Blows,crushing-blows,Bruiser,"<p>When the Elemental makes a successful attack, the target must mark an Armor Slot without receiving its benefi ts (they can still use armor to reduce the damage). If they can’t mark an Armor Slot, they must mark an additional HP.</p>"
Cut to the Bone,cut-to-the-bone,Bruiser,<p><strong>Mark a Stress</strong> to make an attack against all targets within Very Close range. Targets the Knight succeeds against take <strong>1d8+2</strong> physical damage and must mark a Stress.</p><p>@Template[type:emanation|range:vc]</p>
Dig Two Graves,dig-two-graves,Bruiser,"<p>When the Knight is defeated, they make an attack against a target within Very Close range (prioritizing the creature who killed them). On a success, the target takes <strong>1d4+8</strong> physical damage and loses <strong>1d4</strong> Hope.</p>"
Disorienting Presence,disorienting-presence,Bruiser,"<p>When a target takes damage from the Abomination, they must make an Instinct Reaction Roll. On a failure, they gain disadvantage on their next action roll and you gain a Fear.</p>"
Double Strike,double-strike,Bruiser,<p><strong>Mark a Stress</strong> to make a standard attack against two targets within Melee range.</p>
Fearsome Presence,fearsome-presence,Bruiser,<p>PCs can’t spend Hope to use features against the Zombie.</p>
Goading Strike,goading-strike,Bruiser,"<p>Make a standard attack against a target. On a success, <strong>mark a Stress</strong> to Taunt the target until their next successful attack. The next time the Taunted target attacks, they have disadvantage against targets other than the Weaponmaster.</p>"
Gore,gore,Bruiser,"<p>Make an attack against a target within Very Close range, moving the Minotaur into Melee range of them. On a success, deal <strong>2d8</strong> direct physical damage.</p>"
Grab and Drag,grab-and-drag,Bruiser,"<p>Make an attack against a target within Close range. On a success, <strong>spend a Fear</strong> to pull them into Melee range, deal <strong>1d6+2</strong> physical damage, and <em>Restrain</em> them until the Defender takes Severe damage.</p>"
Ground Slam,ground-slam,Bruiser,"<p>Slam the ground, knocking all targets within Very Close range back to Far range. Each target knocked back this way must mark a Stress.</p><p>@Template[type:emanation|range:vc]</p>"
Hold Them Down,hold-them-down,Bruiser,"<p>Make an attack against a target within Melee range. On a success, the target takes no damage but is Restrained and <em>Vulnerable</em>. The target can break free, clearing both conditions, with a successful Strength Roll or is freed automatically if the Kneebreaker takes Major or greater damage.</p>"
I've Got 'Em,i-ve-got-em,Bruiser,<p>Creatures <em>Restrained</em> by the Kneebreaker take double damage from attacks by other adversaries.</p>
Immovable Object,immovable-object,Bruiser,"<p>An attack that would move the Elemental moves them two fewer ranges (for example, Far becomes Very Close). When the Elemental takes physical damage, reduce it by 7.</p>"
Kinetic Slam,kinetic-slam,Bruiser,<p>Targets who take damage from the Sentinel’s standard attack are knocked back to Very Close range.</p>
Mana Bolt,mana-bolt,Bruiser,<p><strong>Spend a Fear</strong> to lob explosive magic at a point within Far range. All targets within Very Close range of that point must make an Agility Reaction Roll. Targets who fail take <strong>2d8+20</strong> magic damage and are knocked back to Close range. Targets who succeed take half damage and aren’t knocked back.</p><p>@Template[type:circle|range:vc]</p>
Momentum,momentum,Bruiser,"<p>When the Elemental makes a successful attack against a PC, you gain a Fear.</p>"
Momentum,momentum,Bruiser,"<p>When the Sentinel makes a successful attack against a PC, you gain a Fear.</p>"
Momentum,momentum,Bruiser,"<p>When the Brawler makes a successful attack against a PC, you gain a Fear.</p>"
Momentum,momentum,Bruiser,"<p>When the Bear makes a successful attack against a PC, you gain a Fear.</p>"
Momentum,momentum,Bruiser,"<p>When the Weaponmaster makes a successful attack against a PC, you gain a Fear.</p>"
Momentum,momentum,Bruiser,"<p>When the Scorpion makes a successful attack against a PC, you gain a Fear.</p>"
Overwhelming Force,overwhelming-force,Bruiser,<p>Targets who mark HP from the Bear’s standard attack are knocked back to Very Close range.</p>
Perfect Strike,perfect-strike,Bruiser,<p><strong>Mark a Stress </strong>to make a standard attack against all targets within Very Close range. Targets the Zombie succeeds against are <em>Vulnerable</em> until their next rest.</p><p>@Template[type:emanation|range:vc]</p>
Reality Quake,reality-quake,Bruiser,"<p><strong>Spend a Fear</strong> to rattle the edges of reality within Far range of the Abomination. All targets within that area must succeed on a Knowledge Reaction Roll or become Unstuck from reality until the end of the scene. When an Unstuck target spends Hope or marks Armor Slots, HP, or Stress, they must double the amount spent or marked.</p><p>@Template[type:emanation|range:f]</p>"
Rend Asunder,rend-asunder,Bruiser,"<p>Make a standard attack with advantage against a target the Zombie has <em>Restrained</em>. On a success, the attack deals direct damage.</p>"
Rending Bite,rending-bite,Bruiser,"<p>When the Shark makes a successful attack, the target must mark an Armor Slot without receiving its benefits (they can still use armor to reduce the damage). If they can’t mark an Armor Slot, they must mark an additional HP.</p>"
Retalliation,retalliation,Bruiser,"<p>When the Demon takes damage from an attack within Close range, you can <strong>mark a Stress</strong> to make a standard attack against the attacker.</p><p>@Template[type:emanation|range:c]</p>"
Rip and Tear,rip-and-tear,Bruiser,"<p>When the Zombies makes a successful standard attack, you can <strong>mark a Stress</strong> to temporarily Restrain the target and force them to mark 2 Stress.</p>"
Rockslide,rockslide,Bruiser,<p><strong>Mark a Stress</strong> to create a rockslide that buries the land in front of Elemental within Close range with rockfall. All targets in this area must make an Agility Reaction Roll (19). Targets who fail take <strong>2d12+5</strong> physical damage and become Vulnerable until their next roll with Hope. Targets who succeed take half damage.</p><p>@Template[type:inFront|range:c]</p>
Skilled Opportunist,skilled-opportunist,Bruiser,"<p>When another adversary deals damage to a target within Very Close range of the Zombie, you can <strong>spend a Fear</strong> to add the Zombie’s standard attack damage to the damage roll.</p>"
Slow,slow,Bruiser,"<p>When you spotlight the Zombie and they don’t have a token on their stat block, they can’t act yet. Place a token on their stat block and describe what they’re preparing to do. When you spotlight the Zombie and they have a token on their stat block, clear the token and they can act.</p>"
Swashbuckler,swashbuckler,Bruiser,"<p>When the Tough marks 2 or fewer HP from an attack within Melee range, the attacker must mark a Stress.</p>"
Terrifying,terrifying,Bruiser,"<p>When the Knight makes a successful attack, all PCs within Close range lose a Hope and you gain a Fear.</p>"
Terrifying,terrifying,Bruiser,"<p>When the Zombie makes a successful attack, all PCs within Far range lose a Hope and you gain a Fear.</p><p>@Template[type:emanation|range:f]</p>"
Unreal Form,unreal-form,Bruiser,"<p>When the Abomination takes damage, reduce it by <strong>1d20</strong>. If the Abomination marks 1 or fewer Hit Points from a successful attack against them, you gain a Fear.</p>"
Venomous Stinger,venomous-stinger,Bruiser,"<p>Make an attack against a target within Very Close range. On a success, <strong>spend a Fear</strong> to deal <strong>1d4+4</strong> physical damage and Poison them until their next rest or they succeed on a Knowledge Roll (16). While Poisoned, the target must roll a <strong>d6</strong> before they make an action roll. On a result of 4 or lower, they must mark a Stress. </p>"
Bloodsucker,bloodsucker,Horde,"<p>When the Mosquitoes’ attack causes a target to mark HP, you can <strong>mark a Stress</strong> to force the target to mark an additional HP.</p>"
Crush,crush,Horde,<p><strong>Mark a Stress</strong> to deal <strong>2d6+8</strong> direct physical damage to a target with 3 or more bramble tokens.</p>
Dreadhowl,dreadhowl,Horde,"<p><strong>Mark a Stress</strong> to make all targets within Very Close range lose a Hope. If a target is not able to lose a Hope, they must instead mark 2 Stress.</p><p>@Template[type:emanation|range:vc]</p>"
Encumber,encumber,Horde,"<p>When the Swarm succeeds on an attack, give the target a bramble token. If a target has any bramble tokens, they are Restrained. If a target has 3 or more bramble tokens, they are also Vulnerable. All bramble tokens can be removed by succeeding on a Finesse Roll (12 + the number of bramble tokens) or dealing Major or greater damage to the Swarm. If bramble tokens are removed from a target using a Finesse Roll, a number of Tangle Bramble Minions spawn within Melee range equal to the number of tokens removed.</p>"
Flying,flying,Horde,"<p>While flying, the Mosquitoes have a +2 bonus to their Difficulty.</p>"
Focused Volley,focused-volley,Horde,<p><strong>Spend a Fear</strong> to target a point within Far range. Make an attack with advantage against all targets within Close range of that point. Targets the Squadron succeeds against take <strong>1d10+4</strong> physical damage.</p><p>@Template[type:circle|range:c]</p>
Horde (1d4+1),horde-1d4-1,Horde,"<p>When the Raiders have marked half or more of their HP, their standard attack deals <strong>1d4+1</strong> physical damage instead.</p>"
Horde (1d4+1),horde-1d4-1,Horde,"<p>When the Mosquitoes have marked half or more of their HP, their standard attack deals <strong>1d4+1</strong> physical damage instead.</p>"
Horde (1d4+1),horde-1d4-1,Horde,"<p>When the Raiders have marked half or more of their HP, their standard attack deals <strong>1d4+1</strong> physical damage instead.</p>"
Horde (1d4+2),horde-1d4-2,Horde,"<p>When the Zombies have marked half or more of their HP, their standard attack deals <strong>1d4+2</strong> physical damage instead.</p>"
Horde (1d4+2),horde-1d4-2,Horde,"<p>When the Zombies have marked half or more of their HP, their standard attack deals <strong>1d4+2</strong> physical damage instead.</p>"
Horde (1d6+3),horde-1d6-3,Horde,"<p>When the Squadron has marked half or more of their HP, their standard attack deals <strong>1d6+3</strong> physical damage instead.</p>"
Horde (2d4+1),horde-2d4-1,Horde,"<p>When the Eels have marked half or more of their HP, their standard attack deals <strong>2d4+1</strong> physical damage instead.</p>"
Horde (2d4+1),horde-2d4-1,Horde,"<p>When the Eels have marked half or more of their HP, their standard attack deals <strong>2d4+1</strong> physical damage instead.</p>"
Horde (2d6+5),horde-2d6-5,Horde,"<p>When the Legion has marked half or more of their HP, their standard attack deals <strong>2d6+5</strong> physical damage instead.</p>"
In Your Face,in-your-face,Horde,<p>All targets within Melee range have disadvantage on attacks against targets other than the Swarm.</p>
Overwhelm,overwhelm,Horde,"<p>When the Zombies mark HP from an attack within Melee range, you can <strong>mark a Stress</strong> to make a standard attack against the attacker.</p>"
Paralyzing Shock,paralyzing-shock,Horde,<p><strong>Mark a Stress</strong> to make a standard attack against all targets within Very Close range. You gain a Fear for each target that marks HP.</p>
Relentless (2),relentless-2,Horde,<p>The Legion can be spotlighted up to two times per GM turn. Spend Fear as usual to spotlight them.</p>
Supressing Fire,supressing-fire,Horde,"<p><strong>Mark a Stress</strong> to target a point within Far range. Until the next roll with Fear, a creature who moves within Close range of that point must make an Agility Reaction Roll. On a failure, they take <strong>2d6+3</strong> physical damage. On a success, they take half damage.</p><p>@Template[type:circle|range:c]</p>"
Unyielding,unyielding,Horde,<p>The Legion has resistance to physical damage.</p>
Arcane Steel,arcane-steel,Leader,<p>Damage dealt by the Spellblade’s standard attack is considered both physical and magic.</p>
Beam Of Decay,beam-of-decay,Leader,<p><strong>Mark 2 Stress</strong> to cause all targets within Far range to make a Strength Reaction Roll. Targets who fail take <strong>2d20+12</strong> magic damage and you gain a Fear. Targets who succeed take half damage. A target who marks 2 or more HP must also <strong>mark 2 Stress</strong> and becomes <em>Vulnerable</em> until they roll with Hope.</p><p>@Template[type:emanation|range:f]</p>
Bramble Patch,bramble-patch,Leader,<p><strong>Mark a Stress</strong> to target a point within Far range. Create a patch of thorns that covers an area within Close range of that point. All targets within that area take <strong>2d6+2</strong> physical damage when they act. A target must succeed on a Finesse Roll or deal more than 20 damage to the Dryad with an attack to leave the area.</p><p>@Template[type:circle|range:c]</p>
Cavalry Charge,cavalry-charge,Leader,"<p>If the Knight is mounted, move up to Far range and make a standard attack against a target. On a success, deal <strong>2d8+4</strong> physical damage and the target must mark a Stress.</p>"
Chevalier,chevalier,Leader,"<p>While the Knight is on a mount, they gain a +2 bonus to their Difficulty. When they take Severe damage, they’re knocked from their mount and lose this benefit until they’re next spotlighted.</p>"
Coup de Grace,coup-de-grace,Leader,"<p><strong>Spend a Fear</strong> to make an attack against a Vulnerable target within Close range. On a success, deal <strong>2d6+12</strong> physical damage and the target must mark a Stress.</p>"
Dance Of Death,dance-of-death,Leader,"<p><strong>Mark a Stress</strong> to spotlight <strong>1d4</strong> allies. Attacks they make while spotlighted in this way deal half damage, or full damage if you spend a Fear.</p>"
Deadly Companion,deadly-companion,Leader,"<p>Twice per scene, summon a Bear, Dire Wolf, or similar Tier 1 animal adversary under the Beastmaster’s control. The adversary appears at Close range and is immediately spotlighted.</p>"
Deathlock,deathlock,Leader,<p><strong>Spend a Fear</strong> to curse a target within Very Close range with a necrotic Deathlock until the end of the scene. Attacks made by the Hunter against a Deathlocked target deal direct damage. The Hunter can only maintain one Deathlock at a time.</p>
Double or Nothing,double-or-nothing,Leader,"<p>When a PC within Far range fails a roll, they can choose to reroll their Fear Die and take the new result. If they still fail, they mark 2 Stress and the Demon clears a Stress.</p>"
Fallen Hounds,fallen-hounds,Leader,"<p>Once per scene, when the SecretKeeper marks 2 or more HP, you can <strong>mark a Stress</strong> to summon a @UUID[Compendium.daggerheart.adversaries.Actor.NoRZ1PqB8N5wcIw0]{Demonic Hound Pack}, which appears at Close range and is immediately spotlighted.</p>"
Feed on Followers,feed-on-followers,Leader,"<p>When the Vampire is within Melee range of an ally, they can cause the ally to mark a HP. The Vampire then clears a HP.</p>"
For the Realm!,for-the-realm,Leader,<p><strong>Mark a Stress</strong> to spotlight <strong>[[/r 1d4+1]]</strong> allies. Attacks they make while spotlighted in this way deal half damage.</p>
Ghost,ghost,Leader,<p>The Captain has resistance to physical damage. <strong>Mark a Stress</strong> to move up to Close range through solid objects.</p>
God Rays,god-rays,Leader,"<p><strong>Mark a Stress</strong> to reflect a sliver of divinity as a searing beam of light that hits up to twenty targets within Very Far range. Targets must make a Presence Reaction Roll, with disadvantage if they are marked Guilty. Targets who fail take <strong>4d6+12</strong> magic damage. Targets who succeed take half damage.</p>"
Grow Saplings,grow-saplings,Leader,"<p><strong>Spend a Fear</strong> to grow three @UUID[Compendium.daggerheart.adversaries.Actor.o63nS0k3wHu6EgKP]{Treant Sapling Minions}, who appear at Close range and immediately take the spotlight.</p>"
Heavily Armored,heavily-armored,Leader,"<p> When the Knight takes physical damage, reduce it by 3.</p>"
Hold Fast,hold-fast,Leader,"<p>When the Captain’s Spectral allies are forced to make a reaction roll, you can <strong>mark a Stress</strong> to give those allies a +2 bonus to the roll.</p>"
Inevitable Death,inevitable-death,Leader,<p><strong>Mark a Stress</strong> to spotlight <strong>1d4</strong> allies. Attacks they make while spotlighted in this way deal half damage.</p>
Judgement,judgement,Leader,"<p><strong>Spend a Fear</strong> to make a target Guilty in the eyes of the Seraph’s god until the Seraph is defeated. While Guilty, the target doesn’t gain Hope on a result with Hope. When the Seraph succeeds on a standard attack against a Guilty target, they deal Severe damage instead of their standard damage. The Seraph can only mark one target at a time.</p>"
Lifesuck,lifesuck,Leader,"<p>When the Vampire is spotlighted, roll a <strong>d8</strong>. On a result of 6 or higher, all targets within Very Close range must mark a HP.</p><p>@Template[type:emanation|range:vc]</p>"
Look into My Eyes,look-into-my-eyes,Leader,"<p>A creature who moves into Melee range of the Vampire must make an Instinct Reaction Roll. On a failure, you gain <strong>[[/r 1d4]]</strong> Fear.</p>"
Momentum,momentum,Leader,"<p>When the Spellblade makes a successful attack against a PC, you gain a Fear.</p>"
Momentum,momentum,Leader,"<p>When the Head Guard makes a successful attack against a PC, you gain a Fear.</p>"
Momentum,momentum,Leader,"<p>When the Captain makes a successful attack against a PC, you gain a Fear.</p>"
Momentum,momentum,Leader,"<p>When the Captain makes a successful attack against a PC, you gain a Fear.</p>"
Momentum,momentum,Leader,"<p>When the Lieutenant makes a successful attack against a PC, you gain a Fear.</p>"
Momentum,momentum,Leader,"<p>When the Dryad makes a successful attack against a PC, you gain a Fear.</p>"
Momentum,momentum,Leader,"<p> When the Assassin makes a successful attack against a PC, you gain a Fear.</p>"
More Where That Came From,more-where-that-came-from,Leader,"<p>Summon three Jagged Knife Lackeys, who appear at Far range.</p>"
Move as a Unit,move-as-a-unit,Leader,<p><strong>Spend 2 Fear</strong> to spotlight up to fi ve allies within Far range.</p>
No Quarter,no-quarter,Leader,"<p><strong>Spend a Fear</strong> to choose a target who has three or more Pirates within Melee range of them. The Captain leads the Pirates in hurling threats and promises of a watery grave. The target must make a Presence Reaction Roll. On a failure, the target marks <strong>1d4+1</strong> Stress. On a success, they must mark a Stress.</p>"
"Not Today, My Dears",not-today-my-dears,Leader,"<p>When the Necromancer has marked 7 or more of their HP, you can <strong>spend a Fear</strong> to have them teleport away to a safe location to recover. A PC who succeeds on an Instinct Roll can trace the teleportation magic to their destination.</p>"
On My Signal,on-my-signal,Leader,"<p>Countdown (5). When the Head Guard is in the spotlight for the fi rst time, activate the countdown. It ticks down when a PC makes an attack roll. When it triggers, all Archer Guards within Far range make a standard attack with advantage against the nearest target within their range. If any attacks succeed on the same target, combine their damage.</p><p>@Template[type:emanation|range:f]</p>"
Open the Gates of Death,open-the-gates-of-death,Leader,"<p><strong>Spend a Fear</strong> to summon a @UUID[Compendium.daggerheart.adversaries.Actor.YhJrP7rTBiRdX5Fp]{Zombie Legion}, which appears at Close range and immediately takes the spotlight.</p>"
Our Master's Will,our-master-s-will,Leader,"<p>When you spotlight an ally within Far range, <strong>mark a Stress</strong> to gain a Fear.</p>"
Pinning Strike,pinning-strike,Leader,"<p>Make a standard attack against a target. On a success, you can <strong>mark a Stress</strong> to pin them to a nearby surface. The pinned target is <em>Restrained</em> until they break free with a successful Finesse or Strength Roll.</p>"
Rally Guards,rally-guards,Leader,<p><strong>Spend 2 Fear</strong> to spotlight the Head Guard and up to <strong>2d4</strong> allies within Far range.</p><p>@Template[type:emanation|range:f]</p>
Rampage,rampage,Leader,"<p>Countdown (Loop 1d6). When the Hunter is in the spotlight for the fi rst time, activate the countdown. When it triggers, move the Hunter in a straight line to a point within Far range and make an attack against all targets in their path. Targets the Hunter succeeds against take <strong>2d8+2</strong> physical damage.</p><p>@Template[type:ray|range:f]</p>"
Reinforcements,reinforcements,Leader,"<p>Once per scene, <strong>mark a Stress</strong> to summon a Pirate Raiders Horde, which appears at Far range.</p>"
Relentless (3),relentless-3,Leader,<p>The Seraph can be spotlighted up to three times per GM turn. Spend Fear as usual to spotlight them.</p>
Seize Your Moment,seize-your-moment,Leader,<p><strong>Spend 2 Fear</strong> to spotlight <strong>1d4</strong> allies. Attacks they make while spotlighted in this way deal half damage.</p>
Strike as One,strike-as-one,Leader,<p><strong>Mark a Stress</strong> to spotlight a number of other Assassins equal to the Assassin’s unmarked Stress.</p>
Summoning Ritual,summoning-ritual,Leader,"<p>Countdown (6). When the Secret-Keeper is in the spotlight for the first time, activate the countdown. When they mark HP, tick down this countdown by the number of HP marked. When it triggers, summon a @UUID[Compendium.daggerheart.adversaries.Actor.3tqCjDwJAQ7JKqMb]{Minor Demon} who appears at Close range.</p>"
Supressing Blast,supressing-blast,Leader,<p><strong>Mark a Stress</strong> and target a group within Far range. All targets must succeed on an Agility Reaction Roll or take <strong>1d8+2</strong> magic damage. You gain a Fear for each target who marked HP from this attack.</p><p>@Template[type:emanation|range:f]</p>
Swashbuckler,swashbuckler,Leader,"<p>When the Captain marks 2 or fewer HP from an attack within Melee range, the attacker must mark a Stress.</p>"
Swashbuckler,swashbuckler,Leader,"<p>When the Captain marks 2 or fewer HP from an attack within Melee range, the attacker must mark a Stress.</p>"
Tactician,tactician,Leader,"<p>When you spotlight the Lieutenant, <strong>mark a Stress</strong> to also spotlight two allies within Close range.</p>"
Terrifying,terrifying,Leader,"<p>When the Vampire makes a successful attack, all PCs within Far range lose a Hope and you gain a Fear.</p><p>@Template[type:emanation|range:f]</p>"
Terrifying,terrifying,Leader,"<p>When the Demon makes a successful attack, all PCs within Far range must lose a Hope and you gain a Fear.</p><p>@Template[type:emanation|range:f]</p>"
Terrifying,terrifying,Leader,"<p>When the Hunter makes a successful attack, all PCs within Far range lose a Hope and you gain a Fear.</p><p>@Template[type:emanation|range:f]</p>"
The Hunt Is On,the-hunt-is-on,Leader,"<p><strong>Spend 2 Fear</strong> to summon [[/r 1d4]] @UUID[Compendium.daggerheart.adversaries.Actor.WWyUp6Mxl1S3KYUG]{Vampires}, who appear at Far range and immediately take the spotlight.</p>"
The Root of Villainy,the-root-of-villainy,Leader,<p><strong>Spend a Fear</strong> to spotlight two other Demons within Far range.</p>
The Subtle Blade,the-subtle-blade,Leader,"<p>When the Assassin successfully makes a standard attack against a <em>Vulnerable</em> target, you can <strong>spend a Fear</strong> to deal Severe damage instead of their standard damage.</p>"
Thorny Cage,thorny-cage,Leader,"<p><strong>Spend a Fear</strong> to form a cage around a target within Very Close range and Restrain them until they’re freed with a successful Strength Roll. When a creature makes an action roll against the cage, they must mark a Stress. </p>"
Two as One,two-as-one,Leader,"<p>When the Beastmaster is spotlighted, you can also spotlight a Tier 1 animal adversary currently under their control.</p>"
Unending Battle,unending-battle,Leader,<p><strong>Spend 2 Fear</strong> to return up to [[/r 1d4+1]] defeated Spectral allies to the battle at the points where they first appeared (with no marked HP or Stress).</p>
Unparalleled Skill,unparalleled-skill,Leader,<p><strong>Mark a Stress</strong> to deal the Demon’s standard attack damage to a target within Close range.</p>
Voice of the Forest,voice-of-the-forest,Leader,"<p><strong>Mark a Stress</strong> to spotlight <strong>1d4</strong> allies within range of a target they can attack without moving. On a success, their attacks deal half damage.</p>"
We Are All One,we-are-all-one,Leader,"<p>When an ally dies within Close range, you can spend a Fear to clear 2 HP and 2 Stress as the fallen ally’s life force is returned to the forest.</p><p>@Template[type:emanation|range:c]</p>"
We Are One,we-are-one,Leader,"<p>Once per scene, <strong>spend a Fear</strong> to spotlight all other adversaries within Far range. Attacks they make while spotlighted in this way deal half damage.</p>"
Won't See it Coming,won-t-see-it-coming,Leader,<p> The Assassin deals direct damage while they’re <em>Hidden</em>.</p>
You Pale in Comparison,you-pale-in-comparison,Leader,"<p>When a PC fails a roll within Close range of the Demon, they must mark a Stress.</p><p>@Template[type:emanation|range:c]</p>"
Your Life Is Mine,your-life-is-mine,Leader,"<p>Countdown (Loop 2d6). When the Necromancer has marked 6 or more of their HP, activate the countdown. When it triggers, deal <strong>2d10+6</strong> direct magic damage to a target within Close range. The Necromancer then <strong>clears a number of Stress or HP</strong> equal to the number of HP marked by the target from this attack.</p>"
Aura of Doom,aura-of-doom,Minion,"<p>When a PC marks HP from an attack by the Shock Troop, they lose a Hope.</p>"
Divine Flight,divine-flight,Minion,"<p>While the Soldier is flying, <strong>spend a Fear</strong> to move up to Far range instead of Close range before taking an action.</p>"
Divine Flight,divine-flight,Minion,"<p>While the Soldier is flying, <strong>spend a Fear</strong> to move up to Far range instead of Close range before taking an action.</p>"
Drain and Multiply,drain-and-multiply,Minion,"<p>When an attack from the Bramble causes a target to mark HP and there are three or more Tangle Bramble Minions within Close range, you can combine the Minions into a @UUID[Compendium.daggerheart.adversaries.Actor.PKSXFuaIHUCoH63A]{Tangle Bramble Swarm Horde}. The Horde’s HP is equal to the number of Minions combined.</p>"
Group Attack,group-attack,Minion,"<p><strong>Spend a Fear</strong> to choose a target and spotlight all Outer Realm Thralls within Close range of them. Those Minions move into Melee range of the target and make one shared attack roll. On a success, they deal 11 physical damage each. Combine this damage.</p>"
Group Attack,group-attack,Minion,"<p><strong>Spend a Fear</strong> to choose a target and spotlight all Rotted Zombies within Close range of them. Those Minions move into Melee range of the target and make one shared attack roll. On a success, they deal 2 physical damage each. Combine this damage.</p>"
Group Attack,group-attack,Minion,"<p><strong>Spend a Fear</strong> to choose a target and spotlight all Apprentice Assassins within Close range of them. Those Minions move into Melee range of the target and make one shared attack roll. On a success, they deal 4 physical damage each. Combine this damage.</p>"
Group Attack,group-attack,Minion,"<p><strong>Spend a Fear</strong> to choose a target and spotlight all Giant Recruits within Close range of them. Those Minions move into Melee range of the target and make one shared attack roll. On a success, they deal 5 physical damage each. Combine this damage.</p>"
Group Attack,group-attack,Minion,"<p><strong>Spend a Fear</strong> to choose a target and spotlight all Treant Saplings within Close range of them. Those Minions move into Melee range of the target and make one shared attack roll. On a success, they deal 8 physical damage each. Combine this damage.</p>"
Group Attack,group-attack,Minion,"<p><strong>Spend a Fear</strong> to choose a target and spotlight all Conscripts within Close range of them. Those Minions move into Melee range of the target and make one shared attack roll. On a success, they deal 6 physical damage each. Combine this damage.</p>"
Group Attack,group-attack,Minion,"<p><strong>Spend a Fear</strong> to choose a target and spotlight all Elemental Sparks within Close range of them. Those Minions move into Melee range of the target and make one shared attack roll. On a success, they deal 5 physical damage each. Combine this damage.</p>"
Group Attack,group-attack,Minion,"<p><strong>Spend a Fear</strong> to choose a target and spotlight all Dredges within Close range of them. Those Minions move into Melee range of the target and make one shared attack roll. On a success, they deal 1 physical damage each. Combine this damage.</p>"
Group Attack,group-attack,Minion,"<p><strong>Spend a Fear</strong> to choose a target and spotlight all Sellswords within Close range of them. Those Minions move into Melee range of the target and make one shared attack roll. On a success, they deal 3 physical damage each. Combine this damage.</p>"
Group Attack,group-attack,Minion,"<p><strong>Spend a Fear</strong> to choose a target and spotlight all Hallowed Soldiers within Close range of them. Those Minions move into Melee range of the target and make one shared attack roll. On a success, they deal 10 physical damage each. Combine this damage.</p>"
Group Attack,group-attack,Minion,"<p><strong>Spend a Fear</strong> to choose a target and spotlight all Minor Treants within Close range of them. Those Minions move into Melee range of the target and make one shared attack roll. On a success, they deal 4 physical damage each. Combine this damage.</p>"
Group Attack,group-attack,Minion,"<p><strong>Spend a Fear</strong> to choose a target and spotlight all Jagged Knife Lackeys within Close range of them. Those Minions move into Melee range of the target and make one shared attack roll. On a success, they deal 2 physical damage each. Combine this damage.</p>"
Group Attack,group-attack,Minion,"<p><strong>Spend a Fear</strong> to choose a target and spotlight all Tangle Brambles within Close range of them. Those Minions move into Melee range of the target and make one shared attack roll. On a success, they deal 2 physical damage each. Combine this damage.</p>"
Group Attack,group-attack,Minion,"<p><strong>Spend a Fear</strong> to choose a target and spotlight all Fallen Shock Troops within Close range of them. Those Minions move into Melee range of the target and make one shared attack roll. On a success, they deal 12 physical damage each. Combine this damage.</p>"
Group Attack,group-attack,Minion,"<p><strong>Spend a Fear</strong> to choose a target and spotlight all Cult Initiates within Close range of them. Those Minions move into Melee range of the target and make one shared attack roll. On a success, they deal 5 physical damage each. Combine this damage.</p>"
Group Attack,group-attack,Minion,"<p><strong>Spend a Fear</strong> to choose a target and spotlight all Outer Realm Thralls within Close range of them. Those Minions move into Melee range of the target and make one shared attack roll. On a success, they deal 11 physical damage each. Combine this damage.</p>"
Minion (12),minion-12,Minion,"<p>The Shock Troop is defeated when they take any damage. For every 12 damage a PC deals to the Shock Troop, defeat an additional Minion within range the attack would succeed against.</p>"
Minion (13),minion-13,Minion,"<p>The Thrall is defeated when they take any damage. For every 13 damage a PC deals to the Thrall, defeat an additional Minion within range the attack would succeed against.</p>"
Minion (13),minion-13,Minion,"<p>The Thrall is defeated when they take any damage. For every 13 damage a PC deals to the Thrall, defeat an additional Minion within range the attack would succeed against.</p>"
Minion (3),minion-3,Minion,"<p>The Zombie is defeated when they take any damage. For every 3 damage a PC deals to the Zombie, defeat an additional Minion within range the attack would succeed against.</p>"
Minion (3),minion-3,Minion,"<p>The Lackey is defeated when they take any damage. For every 3 damage a PC deals to the Lackey, defeat an additional Minion within range the attack would succeed against.</p>"
Minion (3),minion-3,Minion,"<p>The Zombie is defeated when they take any damage. For every 3 damage a PC deals to the Zombie, defeat an additional Minion within range the attack would succeed against.</p>"
Minion (4),minion-4,Minion,"<p>The Bramble is defeated when they take any damage. For every 4 damage a PC deals to the Tangle Bramble, defeat an additional Minion within range the attack would succeed against.</p>"
Minion (4),minion-4,Minion,"<p>The Dredge is defeated when they take any damage. For every 4 damage a PC deals to the Dredge, defeat an additional Minion within range the attack would succeed against.</p>"
Minion (4),minion-4,Minion,"<p>The Bramble is defeated when they take any damage. For every 4 damage a PC deals to the Tangle Bramble, defeat an additional Minion within range the attack would succeed against.</p>"
Minion (5),minion-5,Minion,"<p>The Treant is defeated when they take any damage. For every 5 damage a PC deals to the Treant, defeat an additional Minion within range the attack would succeed against.</p>"
Minion (6),minion-6,Minion,"<p>The Assassin is defeated when they take any damage. For every 6 damage a PC deals to the Assassin, defeat an additional Minion within range the attack would succeed against.</p>"
Minion (6),minion-6,Minion,"<p>The Assassin is defeated when they take any damage. For every 6 damage a PC deals to the Assassin, defeat an additional Minion within range the attack would succeed against.</p>"
Minion (6),minion-6,Minion,"<p>The Conscript is defeated when they take any damage. For every 6 damage a PC deals to the Conscript, defeat an additional Minion within range the attack would succeed against.</p>"
Minion (6),minion-6,Minion,"<p>The Initiate is defeated when they take any damage. For every 6 damage a PC deals to the Initiate, defeat an additional Minion within range the attack would succeed against.</p>"
Minion (7),minion-7,Minion,"<p>The Recruit is defeated when they take any damage. For every 7 damage a PC deals to the Recruit, defeat an additional Minion within range the attack would succeed against.</p>"
Minion (9),minion-9,Minion,"<p>The Elemental is defeated when they take any damage. For every 9 damage a PC deals to the Elemental, defeat an additional Minion within range the attack would succeed against.</p>"
Arcane Artillery,arcane-artillery,Ranged,<p><strong>Spend a Fear</strong> to unleash a precise hail of magical blasts. All targets in the scene must make an Agility Reaction Roll. Targets who fail take <strong>2d12</strong> magic damage. Targets who succeed take half damage.</p>
Battle Teleport,battle-teleport,Ranged,"<p>Before or after making a standard attack, you can <strong>mark a Stress</strong> to teleport to a location within Far range.</p>"
Concentrate Fire,concentrate-fire,Ranged,"<p>When another adversary deals damage to a target within Far range of the Turret, you can <strong>mark a Stress</strong> to add the Turret’s standard attack damage to the damage roll.</p>"
Deadly Shot,deadly-shot,Ranged,"<p>Make an attack against a Vulnerable target within Far range. On a success, <strong>mark a Stress</strong> to deal <strong>3d4+8</strong> physical damage.</p>"
Detonation,detonation,Ranged,"<p>When the Turret is destroyed, they explode. All targets within Close range must make an Agility Reaction Roll. Targets who fail take <strong>3d20</strong> physical damage. Targets who succeed take half damage.</p><p>@Template[type:emanation|range:c]</p>"
Divine Volley,divine-volley,Ranged,<p><strong>Mark a Stress</strong> to make a standard attack against up to three targets.</p>
Eruption,eruption,Ranged,<p><strong>Spend a Fear</strong> and choose a point within Far range. A Very Close area around that point erupts into impassable terrain. All targets within that area must make an Agility Reaction Roll (14). Targets who fail take <strong>2d10</strong> physical damage and are thrown out of the area. Targets who succeed take half damage and aren’t moved.</p><p>@Template[type:circle|range:vc]</p>
Ghost,ghost,Ranged,<p>The Archer has resistance to physical damage. <strong>Mark a Stress</strong> to move up to Close range through solid objects.</p>
Hobbling Shot,hobbling-shot,Ranged,"<p>Make an attack against a target within Far range. On a success, <strong>mark a Stress</strong> to deal <strong>1d12+3</strong> physical damage. If the target marks HP from this attack, they have disadvantage on Agility Rolls until they clear at least 1 HP.</p>"
Levitation,levitation,Ranged,<p>The Skull levitates several feet off the ground and can’t be <em>Restrained</em>.</p>
Magic Burst,magic-burst,Ranged,<p><strong>Mark a Stress</strong> to make an attack against all targets within Close range. Targets the Skull succeeds against take <strong>2d6+4</strong> magic damage.</p><p>@Template[type:emanation|range:c]</p>
Mark Target,mark-target,Ranged,"<p><strong>Spend a Fear</strong> to Mark a target within Far range until the Turret is destroyed or the Marked target becomes Hidden. While the target is Marked, their Evasion is halved.</p>"
My Turn,my-turn,Ranged,"<p>When the Demon marks HP from an attack, <strong>spend a number of Fear equal to the HP marked by the Demon</strong> to cause the attacker to mark the same number of HP.</p>"
Opportunist,opportunist,Ranged,"<p>When two or more adversaries are within Very Close range of a creature, all damage the Archer deals to that creature is doubled.</p>"
Pick Your Target,pick-your-target,Ranged,"<p><strong>Spend a Fear</strong> to make an attack within Far range against a PC who is within Very Close range of at least two other PCs. On a success, the target takes <strong>2d8+12</strong> physical damage.</p>"
Punish the Guilty,punish-the-guilty,Ranged,<p>The Archer deals double damage to targets marked Guilty by a High Seraph.</p>
Refresh Warding Sphere,refresh-warding-sphere,Ranged,<p><strong>Mark a Stress</strong> to refresh the Wizard’s “Warding Sphere” reaction.</p>
Rivalry,rivalry,Ranged,"<p>When a creature within Close range takes damage from a different adversary, you can <strong>mark a Stress</strong> to add a <strong>d4</strong> to the damage roll.</p><p>@Template[type:emanation|range:c]</p>"
Siphon Magic,siphon-magic,Ranged,"<p><strong>Spend a Fear</strong> to make an attack against a PC with a Spellcast trait within Very Close range. On a success, the target marks <strong>1d4</strong> Stress and the Skull clears that many Stress. Additionally, on a success, the Skull can immediately be spotlighted again.</p>"
Slow Firing,slow-firing,Ranged,"<p>When you spotlight the Turret and they don’t have a token on their stat block, they can’t make a standard attack. Place a token on their stat block and describe what they’re preparing to do. When you spotlight the Turret and they have a token on their stat block, clear the token and they can attack.</p>"
Unprotected Mind,unprotected-mind,Ranged,<p> The Demon’s standard attack deals direct damage.</p>
Warding Sphere,warding-sphere,Ranged,"<p>When the Wizard takes damage from an attack within Close range, deal <strong>2d6</strong> magic damage to the attacker. This reaction can’t be used again until the Wizard refreshes it with their “Refresh Warding Sphere” action.</p>"
Wards,wards,Ranged,<p> The Skull is resistant to magic damage.</p>
What's Yours Is Mine,what-s-yours-is-mine,Ranged,"<p>When a PC takes Severe damage within Very Close range of the Demon, you can <strong>spend a Fear</strong> to cause the target to make a Finesse Reaction Roll. On a failure, the Demon seizes one item or consumable of their choice from the target’s inventory.</p><p>@Template[type:emanation|range:vc]</p>"
Acidic Form,acidic-form,Skulk,"<p>When the Ooze makes a successful attack, the target must mark an Armor Slot without receiving its benefi ts (they can still use armor to reduce the damage). If they can’t mark an Armor Slot, they must mark an additional HP.</p>"
Acidic Form,acidic-form,Skulk,"<p>When the Ooze makes a successful attack, the target must mark an Armor Slot without receiving its benefits (they can still use armor to reduce the damage). If they can’t mark an Armor Slot, they must mark an additional HP.</p>"
Acidic Form,acidic-form,Skulk,"<p>When the Ooze makes a successful attack, the target must mark an Armor Slot without receiving its benefits (they can still use armor to reduce the damage). If they can’t mark an Armor Slot, they must mark an additional HP.</p>"
Assassin Poisoner,assassin-poisoner,Skulk,<p>The Assassin has advantage on attacks if they are <em>Hidden</em>.</p>
Avalance Roar,avalance-roar,Skulk,<p><strong>Spend a Fear</strong> to roar while within a cave and cause a cave-in. All targets within Close range must succeed on an Agility Reaction Roll (14) or take <strong>2d10</strong> physical damage. The rubble can be cleared with a Progress Countdown (8).</p><p>@Template[type:emanation|range:c]</p>
Backstab,backstab,Skulk,"<p>When the Shadow succeeds on a standard attack that has advantage, they deal 1d6+6 physical damage instead of their standard damage.</p>"
Burning,burning,Skulk,"<p>When a creature within Melee range deals damage to the Ooze, they take <strong>1d6</strong> direct magic damage.</p>"
Captive Audience,captive-audience,Skulk,"<p>If the Siren makes a standard attack against a target Entranced by their song, the attack deals <strong>2d10+1</strong> damage instead of their standard damage.</p>"
Cloaked,cloaked,Skulk,<p>Become <em>Hidden</em> until after the Shadow’s next attack. Attacks made while Hidden from this feature have advantage.</p>
Creeping Fire,creeping-fire,Skulk,<p>The Ooze can only move within Very Close range as their normal movement. They light any flammable object they touch on fi re.</p>
Deadly Dive,deadly-dive,Skulk,"<p><strong>Mark a Stress</strong> to attack a target within Far range. On a success, deal <strong>2d10+2</strong> physical damage and knock the target over, making them <em>Vulnerable</em> until they next act.</p>"
Deadly Drop,deadly-drop,Skulk,"<p>While flying, the Eagle can drop a Restrained target they are holding. When dropped, the target is no longer Restrained but starts falling. If their fall isn’t prevented during the PCs’ next action, the target takes <strong>2d20</strong> physical damage when they land.</p>"
Depths of Despair,depths-of-despair,Skulk,<p>The Demon deals double damage to PCs with 0 Hope.</p>
Enchanting Song,enchanting-song,Skulk,"<p><strong>Spend a Fear</strong> to sing a song that affects all targets within Close range. Targets must succeed on an Instinct Reaction Roll or become Entranced until they mark 2 Stress. Other Sirens within Close range of the target can <strong>mark a Stress</strong> to each add a +1 bonus to the Difficulty of the reaction roll. While Entranced, a target can’t act and is <em>Vulnerable</em>.</p><p>@Template[type:emanation|range:c]</p>"
Envelop,envelop,Skulk,"<p>Make an attack against a target within Melee range. On a success, the Ooze Envelops them and the target must mark 2 Stress. While Enveloped, the target must mark an additional Stress every time they make an action roll. When the Ooze takes Severe damage, all Enveloped targets are freed and the condition is cleared.</p>"
Envelop,envelop,Skulk,"<p>Make an attack against a target within Melee range. On a success, the Ooze Envelops them and the target must mark 2 Stress. While Enveloped, the target must mark an additional Stress every time they make an action roll. When the Ooze takes Severe damage, all Enveloped targets are freed and the condition is cleared.</p>"
Escape Plan,escape-plan,Skulk,"<p><strong>Mark a Stress</strong> to reveal a snare trap set anywhere on the battlefi eld by the Thief. All targets within Very Close range of the trap must succeed on an Agility Reaction Roll (13) or be pulled off  their feet and suspended upside down. A target is Restrained and Vulnerable until they break free, ending both conditions, with a successful Finesse or Strength Roll (13).</p><p>@Template[type:rect|range:c]</p>"
Flight,flight,Skulk,"<p>While flying, the Eagle gains a +3 bonus to their Difficulty.</p>"
Flying,flying,Skulk,"<p>While flying, the Bat gains a +3 bonus to their Difficulty.</p>"
Fumigation,fumigation,Skulk,"<p>Drop a smoke bomb that fi lls the air within Close range with smoke, Dizzying all targets in this area. Dizzied targets have disadvantage on their next action roll, then clear the condition.</p><p>@Template[type:emanation|range:c]</p>"
Grindletooth Venom,grindletooth-venom,Skulk,<p>Targets who mark HP from the Assassin’s attacks are Vulnerable until they clear a HP.</p>
Guardian,guardian,Skulk,"<p>When an allied Vampire marks HP, you can <strong>mark a Stress</strong> to fly into Melee range of the attacker and make an attack with advantage against them. On a success, deal <strong>2d6+2</strong> physical damage.</p>"
Hobbling Strike,hobbling-strike,Skulk,"<p><strong>Mark a Stress</strong> to make an attack against a target within Melee range. On a success, deal <strong>3d4+10</strong> direct physical damage and make them <em>Vulnerable</em> until they clear at least 1 HP.</p>"
Ignite,ignite,Skulk,"<p>Make an attack against a target within Very Close range. On a success, the target takes <strong>1d8</strong> magic damage and is Ignited until they’re extinguished with a successful Finesse Roll (14). While Ignited, the target takes <strong>1d4</strong> magic damage when they make an action roll.</p>"
Momentum,momentum,Skulk,"<p>When the Stonewraith makes a successful attack against a PC, you gain a Fear.</p>"
Momentum,momentum,Skulk,"<p>When the Demon makes a successful attack against a PC, you gain a Fear.</p>"
Pack tactics,pack-tactics,Skulk,"<p>If the Wolf makes a successful standard attack and another Dire Wolf is within Melee range of the target, deal <strong>1d6+5</strong> physical damage instead of their standard damage and you gain a Fear.</p>"
Pick Off the Straggler,pick-off-the-straggler,Skulk,"<p><strong>Mark a Stress</strong> to cause a target within Melee range to make an Instinct Reaction Roll. On a failure, the target must mark 2 Stress and is teleported with the Fang to a shadow within Far range, making them temporarily Vulnerable. On a success, the target must mark a Stress.</p>"
Quick Hands,quick-hands,Skulk,"<p>Make an attack against a target within Melee range. On a success, deal <strong>1d8+2</strong> physical damage and the Thief steals one item or consumable from the target’s inventory.</p>"
Rocky Ambush,rocky-ambush,Skulk,"<p>While <em>Hidden</em>, <strong>mark a Stress</strong> to leap into Melee range with a target within Very Close range. The target must succeed on an Agility or Instinct Reaction Roll (15) or take <strong>2d8</strong> physical damage and become temporarily Restrained.</p>"
Screech,screech,Skulk,<p><strong>Mark a Stress</strong> to send a high-pitch screech out toward all targets in front of the Bat within Far range. Those targets must mark <strong>1d4</strong> Stress.</p><p>@Template[type:inFront|range:f]</p>
Shadow's Embrace,shadow-s-embrace,Skulk,<p>The Fang can climb and walk on vertical surfaces. <strong>Mark a Stress</strong> to move from one shadow to another within Far range.</p>
Slow,slow,Skulk,"<p>When you spotlight the Ooze and they don’t have a token on their stat block, they can’t act yet. Place a token on their stat block and describe what they’re preparing to do. When you spotlight the Ooze and they have a token on their stat block, clear the token and they can act.</p>"
Slow,slow,Skulk,"<p>When you spotlight the Ooze and they don’t have a token on their stat block, they can’t act yet. Place a token on their stat block and describe what they’re preparing to do. When you spotlight the Ooze and they have a token on their stat block, clear the token and they can act.</p>"
Slow,slow,Skulk,"<p>When you spotlight the Ooze and they don’t have a token on their stat block, they can’t act yet. Place a token on their stat block and describe what they’re preparing to do. When you spotlight the Ooze and they have a token on their stat block, clear the token and they can act.</p>"
Split,split,Skulk,"<p>When the Ooze has 4 or more HP marked, you can <strong>spend a Fear</strong> to split them into two @UUID[Compendium.daggerheart.adversaries.Actor.SHXedd9zZPVfUgUa]{Green Oozes}(with no marked HP or Stress). Immediately spotlight both of them.</p>"
Split,split,Skulk,"<p>When the Ooze has 4 or more HP marked, you can <strong>spend a Fear</strong> to split them into two @UUID[Compendium.daggerheart.adversaries.Actor.SHXedd9zZPVfUgUa]{Green Oozes}(with no marked HP or Stress). Immediately spotlight both of them.</p>"
Split,split,Skulk,"<p>When the Ooze has 3 or more HP marked, you can <strong>spend a Fear</strong> to split them into two @UUID[Compendium.daggerheart.adversaries.Actor.1fkLQXVtmILqfJ44]{Tiny Red Oozes} (with no marked HP or Stress). Immediately spotlight both of them.</p>"
Stonestrider,stonestrider,Skulk,"<p>The Stonewraith can move through stone and earth as easily as air. While within stone or earth, they are Hidden and immune to all damage.</p>"
Take Off,take-off,Skulk,"<p>Make an attack against a target within Very Close range. On a success, deal <strong>2d4+3</strong> physical damage and the target must succeed on an Agility Reaction Roll or become temporarily Restrained within the Eagle’s massive talons. If the target is Restrained, the Eagle immediately lifts into the air to Very Far range above the battlefi eld while holding them. </p>"
Your Friends Will Fail You,your-friends-will-fail-you,Skulk,"<p>When a PC fails with Fear, you can <strong>mark a Stress</strong> to cause all other PCs within Close range to lose a Hope.</p><p>@Template[type:emanation|range:c]</p>"
Your Struggle is Pointless,your-struggle-is-pointless,Skulk,<p><strong>Spend a Fear</strong> to weigh down the spirits of all PCs within Far range. All targets affected replace their Hope Die with a <strong>d8</strong> until they roll a success with Hope or their next rest.</p><p>@Template[type:emanation|range:f]</p>
Bend Ears,bend-ears,Social,<p><strong>Mark a Stress</strong> to influence an NPC within Melee range with whispered words. That target’s opinion on one matter shifts toward the Advisor’s preference unless it is in direct opposition to the target’s motives.</p>
Casus Belli,casus-belli,Social,"<p>Long-Term Countdown (8). <strong>Spend a Fear</strong> to activate after the Monarch’s desire for war is first revealed. When it triggers, the Monarch has a reason to rally the nation to war and the support to act on that reason. You gain [[/r 1d4]]<strong> </strong>Fear.</p>"
Crownsguard,crownsguard,Social,"<p>Once per scene, <strong>mark a Stress</strong> to summon six Tier 3 Minions, who appear at Close range to enforce the Monarch’s will.</p>"
Devastating Retort,devastating-retort,Social,<p>A PC who rolls less than 17 on an action roll targeting the Advisor must mark a Stress.</p>
Everyone Has a Price,everyone-has-a-price,Social,"<p><strong>Spend a Fear</strong> to offer a target a dangerous bargain for something they want or need. If used on a PC, they must make a Presence Reaction Roll (17). On a failure, they must mark 2 Stress or take the deal.</p>"
Execute Them,execute-them,Social,<p><strong>Spend a Fear</strong> per PC in the party to have the group condemned for crimes real or imagined. A PC who succeeds on a Presence Roll can demand trial by combat or another special form of trial.</p>
Exile,exile,Social,"<p><strong>Spend a Fear</strong> and target a PC. The Noble proclaims that the target and their allies are exiled from the noble’s territory. While exiled, the target and their allies have disadvantage during social situations within the Noble’s domain.</p>"
Fly on the Wall,fly-on-the-wall,Social,"<p>When a PC or group is discussing something sensitive, you can <strong>mark a Stress</strong> to reveal that the Spy is present in the scene, observing them. If the Spy escapes the scene to report their findings, you gain <strong>1d4</strong> Fear.</p>"
Gathering Secrets,gathering-secrets,Social,<p><strong>Spend a Fear</strong> to describe how the Spy knows a secret about a PC in the scene.</p>
"Guards, Seize Them!",guards-seize-them,Social,"<p>Once per scene, <strong>mark a Stress</strong> to summon <strong>1d4</strong> @UUID[Compendium.daggerheart.adversaries.Actor.B4LZcGuBAHzyVdzy]{Bladed Guards}, who appear at Far range to enforce the Noble’s will.</p>"
Mockery,mockery,Social,"<p><strong>Mark a Stress</strong> to say something mocking and force a target within Close range to make a Presence Reaction Roll (14) to see if they can save face. On a failure, the target must mark 2 Stress and is Vulnerable until the scene ends.</p>"
"My Land, My Rules",my-land-my-rules,Social,<p> All social actions made against the Noble on their land have disadvantage.</p>
Preferential Treatment,preferential-treatment,Social,<p>A PC who succeeds on a Presence Roll against the Merchant gains a discount on purchases. A PC who fails on a Presence Roll against the Merchant must pay more and has disadvantage on future Presence Rolls against the Merchant.</p>
Scapegoat,scapegoat,Social,<p><strong>Spend a Fear</strong> to convince a crowd or notable individual that one person or group is responsible for some problem facing the target. The target becomes hostile to the scapegoat until convinced of their innocence with a successful Presence Roll (17).</p><p>[[/dr trait=presence difficulty=17]]</p>
Scapegoat,scapegoat,Social,<p><strong>Spend a Fear</strong> to convince a crowd or notable individual that one person or group is responsible for some problem facing the target. The target becomes hostile to the scapegoat until convinced of their innocence with a successful Presence Roll (17).</p><p>[[/dr trait=presence difficulty=17]]</p>
Searing Glance,searing-glance,Social,"<p>When a PC within Close range makes a Presence Roll, you can <strong>mark a Stress</strong> to cast a gaze toward the aftermath. On the target’s failure, they must mark 2 Stress and are <em>Vulnerable</em> until the scene ends or they succeed on a social action against the Courtesan. On the target’s success, they must mark a Stress.</p>"
The Best Muscle Money Can Buy,the-best-muscle-money-can-buy,Social,"<p>Once per scene, <strong>mark a Stress</strong> to summon 1d4+1 Tier 1 adversaries, who appear at Far range, to enforce the Baron’s will.</p>"
The Runaround,the-runaround,Social,"<p>When a PC rolls a 14 or lower on a Presence Roll made against the Merchant, they must mark a Stress.</p>"
Acid Bath,acid-bath,Solo,"<p>When the Burrower takes Severe damage, all creatures within Close range are bathed in their acidic blood, taking <strong>1d10</strong> physical damage. This splash covers the ground within Very Close range with blood, and all creatures other than the Burrower who move through it take <strong>1d6</strong> physical damage.</p><p>@Template[type:emanation|range:c]</p>"
All Must fall,all-must-fall,Solo,"<p>When a PC rolls a failure with Fear while within Close range of the Demon, they lose a Hope.</p><p>@Template[type:emanation|range:c]</p>"
All-Consuming Rage,all-consuming-rage,Solo,"<p>Countdown (Decreasing 8). When the Realm-Breaker is in the spotlight for the first time, activate the countdown.</p><p>When it triggers, create a torrent of incarnate rage that rends flesh from bone. All targets within Far range must make a Presence Reaction Roll. Targets who fail take <strong>2d6+10</strong> direct magic damage. Targets who succeed take half damage. For each HP marked from this damage, summon a @UUID[Compendium.daggerheart.adversaries.Actor.OsLG2BjaEdTZUJU9]{Fallen Shock Troop} within Very Close range of the target who marked that HP. If the countdown ever decreases its maximum value to 0, the Realm-Breaker marks their remaining HP and all targets within Far range must mark all remaining HP and make a death move.</p><p>@Template[type:emanation|range:f]</p>"
Another for the Pile,another-for-the-pile,Solo,"<p>When the Zombie is within Very Close range of a corpse, they can incorporate it into themselves, clearing a HP and a Stress.</p>"
Apocalyptic Thrasing,apocalyptic-thrasing,Solo,"<p>Countdown (1d12). <strong>Spend a Fear</strong> to activate. It ticks down when a PC rolls with Fear.</p><p>When it triggers, the Ashen Tyrant thrashes about, causing environmental damage (such as an earthquake, avalanche, or collapsing walls). All targets within Far range must make a Strength Reaction Roll. Targets who fail take 2d10+10 physical damage and are Restrained by the rubble until they break free with a successful Strength Roll. Targets who succeed take half damage. If the Ashen Tyrant is defeated while this countdown is active, trigger the countdown immediately as the destruction caused by their death throes.</p><p>@Template[type:emanation|range:f]</p>"
Arcane Form,arcane-form,Solo,<p>The Elemental is resistant to magic damage.</p>
Ashen Cloud,ashen-cloud,Solo,"<p><strong>Spend a Fear</strong> to smash the ground and kick up ash within Far range. While within the ash cloud, a target has disadvantage on action rolls. The ash cloud clears the next time an adversary is spotlighted.</p><p>@Template[type:emanation|range:f]</p>"
Ashen Vengeance,ashen-vengeance,Solo,"<p>When the Molten Scourge marks their last HP, replace them with the @UUID[Compendium.daggerheart.adversaries.Actor.pMuXGCSOQaxpi5tb]{Ashen Tyrant} and immediately spotlight them.</p>"
Ashes to Ashes,ashes-to-ashes,Solo,"<p>When a PC rolls a failure while within Close range of the Ashen Tyrant, they lose a Hope and you gain a Fear. If the PC can’t lose a Hope, they must mark a HP.</p>"
Avalance,avalance,Solo,"<p><strong>Spend a Fear</strong> to have the Dragon unleash a huge downfall of snow and ice, covering all other creatures within Far range. All targets within this area must succeed on an Instinct Reaction Roll or be buried in snow and rocks, becoming <em>Vulnerable</em> until they dig themselves out from the debris. For each PC that fails the reaction roll, you gain a Fear.</p><p>@Template[type:emanation|range:f]</p>"
Avalanche Tail,avalanche-tail,Solo,<p><strong>Mark a Stress</strong> to make an attack against all targets within Close range. Targets the Obsidian Predator succeeds against take <strong>4d6+4</strong> physical damage and are knocked.</p><p>@Template[type:emanation|range:c]</p>
Blizzard Breath,blizzard-breath,Solo,<p><strong>Spend 2 Fear</strong> to release an icy whorl in front of the Dragon within Close range. All targets in this area must make an Agility Reaction Roll. Targets who fail take <strong>4d6+5</strong> magic damage and are Restrained by ice until they break free with a successful Strength Roll. Targets who succeed must mark 2 Stress or take half damage.</p><p>@Template[type:inFront|range:c]</p>
Boiling Blast,boiling-blast,Solo,"<p><strong>Spend a Fear</strong> to spew a line of boiling water at any number of targets in a line up to Far range. All targets must succeed on an Agility Reaction Roll or take <strong>4d6+9</strong> physical damage. If a target marks an Armor Slot to reduce the damage, they must also mark a Stress.</p><p>@Template[type:ray|range:f]</p>"
Bone Breaker,bone-breaker,Solo,<p>The Ogre’s attacks deal direct damage.</p>
Circle of Defilement,circle-of-defilement,Solo,"<p>Countdown (1d8). When the Undefeated Champion is in the spotlight for the fi rst time, activate the countdown. When it triggers, activate a magical circle covering an area within Far range of the Champion. A target within that area is Vulnerable until they leave the circle. The circle can be removed by dealing Severe damage to the Undefeated Champion.</p>"
Consume Kindling,consume-kindling,Solo,"<p>Three times per scene, when the Elemental moves onto objects that are highly flammable, consume them to clear a HP or a Stress.</p>"
Cornered,cornered,Solo,<p><strong>Mark a Stress</strong> instead of spending a Fear to spotlight the Ashen Tyrant.</p>
Cracked Scales,cracked-scales,Solo,"<p>When the Molten Scourge takes damage, roll a number of d6s equal to HP marked. For each result of 4 or higher, you gain a Fear.</p>"
Crown of Serpents,crown-of-serpents,Solo,"<p>Make an attack roll against a target within Melee range using the Gorgon’s protective snakes. On a success, mark a Stress to deal <strong>2d10+4</strong> physical damage and the target must mark a Stress.</p>"
Death Quake,death-quake,Solo,"<p>When the Box marks their last HP, the magic powering them ruptures in an explosion of force. All targets within Close range must succeed on an Instinct Reaction Roll or take <strong>2d8+1</strong> magic damage</p><p>@Template[type:emanation|range:c]</p>"
Death Quake,death-quake,Solo,"<p>When the Box marks their last HP, the magic powering them ruptures in an explosion of force. All targets within Close range must succeed on an Instinct Reaction Roll or take <strong>2d8+1</strong> magic damage</p><p>@Template[type:emanation|range:c]</p>"
Desperate Rampage,desperate-rampage,Solo,"<p><strong>Mark a Stress</strong> to make an attack against all targets within Close range. Targets the Ashen Tyrant succeeds against take <strong>2d20+2</strong> physical damage, are knocked back to Close range of where they were, and must mark a Stress.</p><p>@Template[type:emanation|range:c]</p>"
Destructible,destructible,Solo,"<p>When the Zombie takes Major or greater damage, they mark an additional HP.</p>"
Dive-Bomb,dive-bomb,Solo,"<p>If the Obsidian Predator is flying, mark a <strong>Stress</strong> to choose a point within Far range. Move to that point and make an attack against all targets within Very Close range. Targets the Obsidian Predator succeeds against take <strong>2d10+6</strong> physical damage and must mark a Stress and lose a Hope.</p><p>@Template[type:emanation|range:vc]</p>"
Doombringer,doombringer,Solo,"<p>When a target marks HP from an attack by the Realm-Breaker, all PCs within Far range of the target must lose a Hope.</p><p>@Template[type:emanation|range:f]</p>"
Doombringer,doombringer,Solo,"<p>When a target marks HP from an attack by the Realm-Breaker, all PCs within Far range of the target must lose a Hope.</p><p>@Template[type:emanation|range:f]</p>"
Earth Eruption,earth-eruption,Solo,"<p><strong>Mark a Stress</strong> to have the Burrower burst out of the ground. All creatures within Very Close range must succeed on an Agility Reaction Roll or be knocked over, making them Vulnerable until they next act.</p><p>@Template[type:emanation|range:vc]</p>"
Endless Legions,endless-legions,Solo,<p><strong>Spend a Fear</strong> to summon a number of @UUID[Compendium.daggerheart.adversaries.Actor.OsLG2BjaEdTZUJU9]{Fallen Shock Troops} equal to twice the number of PCs. The Shock Troops appear at Far range.</p>
Erupting Rage,erupting-rage,Solo,"<p>When the Obsidian Predator marks their last HP, replace them with the @UUID[Compendium.daggerheart.adversaries.Actor.eArAPuB38CNR0ZIM]{Molten Scourge} and immediately spotlight them.</p>"
Eruption,eruption,Solo,"<p><strong>Spend a Fear</strong> to erupt lava from beneath the Molten Scourge’s scales, filling the area within Very Close range with molten lava. All targets in that area must succeed on an Agility Reaction Roll or take <strong>4d6+6</strong> physical damage and be knocked back to Close range. This area remains lava. When a creature other than the Molten Scourge enters that area or acts while inside of it, they must mark 6 HP.</p><p>@Template[type:emanation|range:vc]</p>"
Explosion,explosion,Solo,<p><strong>Spend a Fear</strong> to erupt in a fi ery explosion. Make an attack against all targets within Close range. Targets the Elemental succeeds against take <strong>1d8</strong> magic damage and are knocked back to Far range.</p><p>@Template[type:emanation|range:c]</p>
Faltering Armor,faltering-armor,Solo,"<p>When the Undefeated Champion takes damage, reduce it by <strong>1d10</strong>.</p>"
Fire Jets,fire-jets,Solo,"<p>The Box shoots into the air, spinning and releasing jets of flame. Make an attack against all targets within Close range. Targets the Box succeeds against take <strong>2d8</strong> physical damage.</p><p>@Template[type:emanation|range:c]</p>"
Firespite Plate Armor,firespite-plate-armor,Solo,"<p>When the Realm-Breaker takes damage, reduce it by <strong>2d10</strong>.</p>"
Flailing Limbs,flailing-limbs,Solo,"<p>When the Zombie makes a standard attack, they can attack all targets within Very Close range.</p><p>@Template[type:emanation|range:vc]</p>"
Flying,flying,Solo,"<p> While flying, the Obsidian Predator gains a +3 bonus to their Difficulty.</p>"
Frozen Scales,frozen-scales,Solo,"<p>When a creature makes a successful attack against the Dragon from within Very Close range, they must mark a Stress and become Chilled until their next rest or they clear a Stress. While they are Chilled, they have disadvantage on attack rolls.</p>"
Grapple and Drown,grapple-and-drown,Solo,"<p>Make an attack roll against a target within Close range. On a success, <strong>mark a Stress</strong> to grab them with a tentacle and drag them beneath the water. The target is <em>Restrained</em> and <em>Vulnerable</em> until they break free with a successful Strength Roll or the Kraken takes Major or greater damage. While <em>Restrained</em> and <em>Vulnerable</em> in this way, a target must mark a Stress when they make an action roll.</p>"
Hail of Boulders,hail-of-boulders,Solo,"<p><strong>Mark a Stress</strong> to pick up heavy objects and throw them at all targets in front of the Ogre within Far range. Make an attack against these targets. Targets the Ogre succeeds against take <strong>1d10+2</strong> physical damage. If they succeed against more than one target, you gain a Fear.</p><p>@Template[type:inFront|range:f]</p>"
Hallucinatory Breath,hallucinatory-breath,Solo,"<p>Countdown (Loop 1d6). When the Flickerfly takes damage for the first time, activate the countdown. When it triggers, the Flickerfly breathes hallucinatory gas on all targets in front of them up to Far range. Targets must make an Instinct Reaction Roll or be tormented by fearful hallucinations. Targets whose fears are known to the Flickerfl y have disadvantage on this roll. Targets who fail lose 2 Hope and take <strong>3d8+3</strong> direct magic damage.</p><p>@Template[type:inFront|range:f]</p>"
Hallucinatory Breath,hallucinatory-breath,Solo,"<p>Countdown (Loop 1d6). When the Flickerfly takes damage for the first time, activate the countdown. When it triggers, the Flickerfly breathes hallucinatory gas on all targets in front of them up to Far range. Targets must make an Instinct Reaction Roll or be tormented by fearful hallucinations. Targets whose fears are known to the Flickerfl y have disadvantage on this roll. Targets who fail lose 2 Hope and take <strong>3d8+3</strong> direct magic damage.</p><p>@Template[type:inFront|range:f]</p>"
Hellfire,hellfire,Solo,<p><strong>Spend a Fear</strong> to rain down hellfire within Far range. All targets within the area must make an Agility Reaction Roll. Targets who fail take <strong>1d20+3</strong> magic damage. Targets who succeed take half damage.</p><p>@Template[type:emanation|range:f]</p>
I Have Never Known Defeat,i-have-never-known-defeat,Solo,"<p>When the Realm-Breaker marks their last HP, replace them with the @UUID[Compendium.daggerheart.adversaries.Actor.RXkZTwBRi4dJ3JE5]{Fallen Warlord: Undefeated Champion} and immediately spotlight them.</p>"
Injured Wings,injured-wings,Solo,"<p>While flying, the Ashen Tyrant gains a +1 bonus to their Difficulty.</p>"
Lava Splash,lava-splash,Solo,"<p>When the Molten Scourge takes Severe damage from an attack within Very Close range, molten blood gushes from the wound and deals <strong>2d10+4</strong> direct physical damage to the attacker.</p>"
Magical Reflection,magical-reflection,Solo,"<p>When the Elemental takes damage from an attack within Close range, deal an amount of damage to the attacker equal to half the damage they dealt.</p>"
Magical Weakness,magical-weakness,Solo,"<p>When the Hydra takes magic damage, they become Dazed until the next roll with Fear. While Dazed, they can’t use their Regeneration action but are immune to magic damage.</p>"
Mana Beam,mana-beam,Solo,"<p>The Box fires a searing beam. Make an attack against a target within Far range. On a success, deal <strong>2d10+2</strong> magic damage. </p>"
Many Tentacles,many-tentacles,Solo,"<p>While the Kraken has 7 or fewer marked HP, they can make their standard attack against two targets within range.</p>"
Many-Headed Menace,many-headed-menace,Solo,"<p>The Hydra begins with three heads and can have up to five. When the Hydra takes Major or greater damage, they lose a head.</p>"
Mind Dance,mind-dance,Solo,"<p><strong>Mark a Stress</strong> to create a magically dazzling display that grapples the minds of nearby foes. All targets within Close range must make an Instinct Reaction Roll. For each target who failed, you gain a Fear and the Flickerfl y learns one of the target’s fears.</p><p>@Template[type:emanation|range:c]</p>"
Mind Dance,mind-dance,Solo,"<p><strong>Mark a Stress</strong> to create a magically dazzling display that grapples the minds of nearby foes. All targets within Close range must make an Instinct Reaction Roll. For each target who failed, you gain a Fear and the Flickerfl y learns one of the target’s fears.</p><p>@Template[type:emanation|range:c]</p>"
Momentum,momentum,Solo,"<p>When the Elemental makes a successful attack against a PC, you gain a Fear.</p>"
Momentum,momentum,Solo,"<p>When the Gorgon makes a successful attack against a PC, you gain a Fear.</p>"
Momentum,momentum,Solo,"<p>When the Demon makes a successful attack against a PC, you gain a Fear.</p>"
Momentum,momentum,Solo,"<p> When the Kraken makes a successful attack against a PC, you gain a Fear.</p>"
Momentum,momentum,Solo,"<p>When the Undefeated Champion makes a successful attack against a PC, you gain a Fear.</p>"
Momentum,momentum,Solo,"<p>When the Elemental makes a successful attack against a PC, you gain a Fear.</p>"
Momentum,momentum,Solo,"<p>When the Dragon makes a successful attack against a PC, you gain a Fear.</p>"
Momentum,momentum,Solo,"<p> When the Elemental makes a successful attack against a PC, you gain a Fear.</p>"
Never Misses,never-misses,Solo,"<p>When the Flickerfly makes an attack, the target’s Evasion is halved against the attack.</p>"
No Hope,no-hope,Solo,"<p>When a PC rolls with Fear while within Far range of the Dragon, they lose a Hope.</p>"
Obsidian Scales,obsidian-scales,Solo,<p>The Obsidian Predator is resistant to physical damage.</p>
Ominous Knowledge,ominous-knowledge,Solo,"<p>When the Oracle sees a mortal creature, they instantly know one of their personal nightmares.</p>"
Overcharge,overcharge,Solo,"<p>Before rolling damage for the Box’s attack, you can <strong>mark a Stress</strong> to add a <strong>d6</strong> to the damage roll. Additionally, you gain a Fear.</p>"
Overload,overload,Solo,"<p>Before rolling damage for the Construct’s attack, you can <strong>mark a Stress</strong> to gain a +10 bonus to the damage roll. The Construct can then take the spotlight again.</p>"
Peerless Accuracy,peerless-accuracy,Solo,"<p>Before the Flickerfly makes an attack, roll a d6. On a result of 4 or higher, the target’s Evasion is halved against this attack.</p>"
Petrifying Gaze,petrifying-gaze,Solo,"<p>When the Gorgon takes damage from an attack within Close range, you can <strong>spend a Fear</strong> to force the attacker to make an Instinct Reaction Roll. On a failure, they begin to turn to stone, marking a HP and starting a Petrification Countdown (4). This countdown ticks down when the Gorgon is attacked. When it triggers, the target must make a death move. If the Gorgon is defeated, all petrification countdowns end.</p>"
Pronounce Fate,pronounce-fate,Solo,"<p><strong>Spend a Fear</strong> to present a target within Far range with a vision of their personal nightmare. The target must make a Knowledge Reaction Roll. On a failure, they lose all Hope and take <strong>2d20+4</strong> direct magic damage. On a success, they take half damage and lose a Hope.</p>"
Psionic Whine,psionic-whine,Solo,<p>The Box releases a cluster of mechanical bees whose buzz rattles mortal minds. All targets within Close range must succeed on a Presence Reaction Roll or take <strong>2d4+9</strong> direct magic damage.</p><p>@Template[type:emanation|range:c]</p>
Ramp Up,ramp-up,Solo,"<p>You must <strong>spend a Fear</strong> to spotlight the Ogre. While spotlighted, they can make their standard attack against all targets within range.</p>"
Ramp Up,ramp-up,Solo,"<p>You must <strong>spend a Fear</strong> to spotlight the Ogre. While spotlighted, they can make their standard attack against all targets within range.</p>"
Rampaging Fury,rampaging-fury,Solo,"<p>When the Ogre marks 2 or more HP, they can rampage. Move the Ogre to a point within Close range and deal <strong>2d6+3</strong> direct physical damage to all targets in their path.</p>"
Randomized Tactics,randomized-tactics,Solo,<p>Mark a Stress and roll a <strong>d6</strong>. The Box uses the corresponding move:</p><ol><li><p><strong>Mana Beam</strong></p></li><li><p><strong>Fire Jets</strong></p></li><li><p><strong>Trample</strong></p></li><li><p><strong>Shocking Gas</strong></p></li><li><p><strong>Stunning Clap</strong></p></li><li><p><strong>Psionic Whine</strong></p></li></ol>
Reaper,reaper,Solo,"<p>Before rolling damage for the Demon’s attack, you can <strong>mark a Stress</strong> to gain a bonus to the damage roll equal to the Demon’s current number of marked HP.</p>"
Regeneration,regeneration,Solo,"<p>If the Hydra has any marked HP, <strong>spend a Fear</strong> to clear a HP and grow two heads.</p>"
Relentless (2),relentless-2,Solo,<p>The Box can be spotlighted up to two times times per GM turn. Spend Fear as usual to spotlight them.</p>
Relentless (2),relentless-2,Solo,<p>The Elemental can be spotlighted up to two times per GM turn. Spend Fear as usual to spotlight them.</p>
Relentless (2),relentless-2,Solo,<p>The Realm-Breaker can be spotlighted up to two times per GM turn. Spend Fear as usual to spotlight them.</p>
Relentless (2),relentless-2,Solo,<p>The Construct can be spotlighted up to two times per GM turn. Spend Fear as usual to spotlight them.</p>
Relentless (2),relentless-2,Solo,<p>The Demon can be spotlighted up to two times per GM turn. Spend Fear as usual to spotlight them.</p>
Relentless (2),relentless-2,Solo,<p>The Box can be spotlighted up to two times times per GM turn. Spend Fear as usual to spotlight them.</p>
Relentless (2),relentless-2,Solo,<p>The Gorgon can be spotlighted up to two times per GM turn. Spend Fear as usual to spotlight them.</p>
Relentless (3),relentless-3,Solo,<p>The Molten Scourge can be spotlighted up to three times per GM turn. Spend Fear as usual to spotlight them.</p>
Relentless (3),relentless-3,Solo,<p>The Kraken can be spotlighted up to three times per GM turn. Spend Fear as usual to spotlight them.</p>
Relentless (3),relentless-3,Solo,<p>The Flickerfly can be spotlighted up to three times per GM turn. Spend Fear as usual to spotlight them.</p>
Relentless (3),relentless-3,Solo,<p>The Burrower can be spotlighted up to three times per GM turn. Spend Fear as usual to spotlight them.</p>
Relentless (3),relentless-3,Solo,<p>The Molten Scourge can be spotlighted up to three times per GM turn. Spend Fear as usual to spotlight them.</p>
Relentless (3),relentless-3,Solo,<p>The Dragon can be spotlighted up to three times per GM turn. Spend Fear as usual to spotlight them.</p>
Relentless (4),relentless-4,Solo,<p>The Flickerfly can be spotlighted up to four times per GM turn. Spend Fear as usual to spotlight them.</p>
Relentless (4),relentless-4,Solo,<p>The Flickerfly can be spotlighted up to four times per GM turn. Spend Fear as usual to spotlight them.</p>
Relentless (X),relentless-x,Solo,"<p>The Hydra can be spotlighted X times per GM turn, where X is the Hydra’s number of heads. Spend Fear as usual to spotlight them.</p>"
Remake Reality,remake-reality,Solo,<p><strong>Spend a Fear</strong> to transform the area within Very Close range into a different biome. All targets within this area take <strong>2d6+3</strong> direct magic damage.</p><p>@Template[type:emanation|range:vc]</p>
Rend and Crush,rend-and-crush,Solo,"<p>If a target damaged by the Dragon doesn’t mark an Armor Slot to reduce the damage, they must mark a Stress.</p>"
Scorched Earth,scorched-earth,Solo,<p><strong>Mark a Stress</strong> to choose a point within Far range. The ground within Very Close range of that point immediately bursts into fl ames. All creatures within this area must make an Agility Reaction Roll. Targets who fail take <strong>2d8</strong> magic damage from the fl ames. Targets who succeed take half damage.</p><p>@Template[type:circle|range:vc]</p>
Shattering Might,shattering-might,Solo,"<p><strong>Mark a Stress</strong> to make an attack against a target within Very Close range. On a success, the target takes <strong>4d8+1</strong> physical damage, loses a Hope, and is knocked back to Close range. The Molten Scourge clears a Stress.</p>"
Shattering Strike,shattering-strike,Solo,<p><strong>Mark a Stress</strong> to make a standard attack against all targets within Very Close range. PCs the Champion succeeds against lose a number of Hope equal to the HP they marked from this attack.</p><p>@Template[type:emanation|range:vc]</p>
Shocking Gas,shocking-gas,Solo,<p>The Box sprays out a silver gas sparking with lightning. All targets within Close range must succeed on a Finesse Reaction Roll or mark 3 Stress. </p><p>@Template[type:emanation|range:c]</p>
Sickening Flux,sickening-flux,Solo,<p><strong>Mark a HP</strong> to force all targets within Close range to mark a Stress and become <em>Vulnerable</em> until their next rest or they clear a HP.</p><p>@Template[type:emanation|range:c]</p>
Spit Acid,spit-acid,Solo,"<p>Make an attack against all targets in front of the Burrower within Close range. Targets the Burrower succeeds against take <strong>2d6</strong> physical damage and must mark an Armor Slot without receiving its benefi ts (they can still use armor to reduce the damage). If they can’t mark an Armor Slot, they must mark an additional HP and you gain a Fear.</p><p>@Template[type:inFront|range:c]</p>"
Stunning Clap,stunning-clap,Solo,"<p>The Box leaps and their sides clap, creating a small sonic boom. All targets within Very Close range must succeed on a Strength Reaction Roll or become <em>Vulnerable</em> until the cube is defeated.</p><p>@Template[type:emanation|range:vc]</p>"
Summon Tormentors,summon-tormentors,Solo,"<p>Once per day, <strong>spend 2 Fear</strong> to summon <strong>2d4</strong> Tier 2 or below Minions relevant to one of the PC’s personal nightmares. They appear at Close range relative to that PC.</p>"
Sunsear Arrows,sunsear-arrows,Solo,"<p>When the Gorgon makes a successful standard attack, the target Glows until the end of the scene and can’t become <em>Hidden</em>. Attack rolls made against a Glowing target have advantage.</p>"
Terrifying,terrifying,Solo,"<p>When the Oracle makes a successful attack, all PCs within Far range lose a Hope and you gain a Fear.</p><p>@Template[type:emanation|range:f]</p>"
Terrifying,terrifying,Solo,"<p>When the Oracle makes a successful attack, all PCs within Far range lose a Hope and you gain a Fear.</p><p>@Template[type:emanation|range:f]</p>"
Terrifying Chorus,terrifying-chorus,Solo,<p>All PCs within Far range lose 2 Hope.</p><p>@Template[type:emanation|range:f]</p>
Tormented Screams,tormented-screams,Solo,<p><strong>Mark a Stress</strong> to cause all PCs within Far range to make a Presence Reaction Roll (13). Targets who fail lose a Hope and you gain a Fear for each. Targets who succeed must mark a Stress.</p><p>@Template[type:emanation|range:f]</p>
Tormenting Lash,tormenting-lash,Solo,"<p><strong>Mark a Stress</strong> to make a standard attack against all targets within Very Close range. When a target uses armor to reduce damage from this attack, they must mark 2 Armor Slots.</p><p>@Template[type:emanation|range:vc]</p>"
Trample,trample,Solo,<p><strong>Mark a Stress</strong> to make an attack against all targets in the Construct’s path when they move. Targets the Construct succeeds against take <strong>1d8</strong> physical damage.</p>
Trample,trample,Solo,<p><strong>Mark a Stress</strong> to make an attack against all targets in the Construct’s path when they move. Targets the Construct succeeds against take <strong>1d8</strong> physical damage.</p>
Uncanny Reflexes,uncanny-reflexes,Solo,"<p>When the Flickerfly takes damage from an attack within Close range, you can mark a Stress to take half damage.</p>"
Vengeful Fate,vengeful-fate,Solo,"<p>When the Oracle marks HP from an attack within Very Close range, you can <strong>mark a Stress</strong> to knock the attacker back to Far range and deal <strong>2d10+4</strong> physical damage.</p>"
Volcanic Breath,volcanic-breath,Solo,"<p>When the Molten Scourge takes Major damage, roll a <strong>d10</strong>. On a result of 8 or higher, the Molten Scourge breathes a flow of lava in front of them within Far range. All targets in that area must make an Agility Reaction Roll. Targets who fail take <strong>2d10+4</strong> physical damage, mark <strong>1d4</strong> Stress, and are Vulnerable until they clear a Stress. Targets who succeed take half damage and must mark a Stress.</p><p>@Template[type:inFront|range:f]</p>"
Walls Closing In,walls-closing-in,Solo,"<p>When a creature rolls a failure while within Very Far range of the Oracle, they must mark a Stress.</p>"
Weak Structure,weak-structure,Solo,"<p>When the Construct marks HP from physical damage, they must mark an additional HP.</p>"
Whirlwind,whirlwind,Solo,"<p><strong>Spend a Fear</strong> to whirl, making an attack against all targets within Very Close range. Targets the Flickerfly succeeds against take <strong>3d8</strong> direct physical damage.</p><p>@Template[type:emanation|range:vc]</p>"
Armor-Shredding Shards,armor-shredding-shards,Standard,"<p>On a successful attack within Melee range against the Snake, the attacker must mark an Armor Slot without receiving its benefits (they can still use armor to reduce the damage). If they can’t mark an Armor Slot, they must mark an additional HP.</p>"
Blade of the Forest,blade-of-the-forest,Standard,<p><strong>Spend a Fear</strong> to make an attack against all targets within Very Close range. Targets the Knight succeeds against take physical damage equal to <strong>[[/r 3d4]]</strong> + the target’s Major threshold.</p><p>@Template[type:emanation|range:vc]</p>
Blend In,blend-in,Standard,"<p>When the Soldier makes a successful attack, you can <strong>mark a Stress</strong> to become Hidden until the Soldier’s next attack or a PC succeeds on an Instinct Roll (14) to find them.</p>"
Climber,climber,Standard,<p>The Bandit climbs just as easily as they run.</p>
Detain,detain,Standard,"<p>Make an attack against a target within Very Close range. On a success, <strong>mark a Stress</strong> to Restrain the target until they break free with a successful attack, Finesse Roll, or Strength Roll.</p>"
Draining Bite,draining-bite,Standard,"<p>Make an attack against a target within Melee range. On a success, deal <strong>5d4</strong> physical damage. A target who marks HP from this attack loses a Hope and must mark a Stress. The Vampire then clears a HP.</p>"
Fall Back,fall-back,Standard,"<p>When a creature moves into Melee range to make an attack, you can <strong>mark a Stress</strong> before the attack roll to move anywhere within Close range and make an attack against that creature. On a success, deal <strong>1d10+2</strong> physical damage.</p>"
Forest Control,forest-control,Standard,<p><strong>Spend a Fear</strong> to pull down a tree within Close range. A creature hit by the tree must succeed on an Agility Reaction Roll (15) or take <strong>1d10</strong> physical damage.</p>
From Above,from-above,Standard,"<p>When the Bandit succeeds on a standard attack from above a target, they deal <strong>1d10+1</strong> physical damage instead of their standard damage.</p>"
From Above,from-above,Standard,"<p>When the Bandit succeeds on a standard attack from above a target, they deal <strong>1d10+1</strong> physical damage instead of their standard damage.</p>"
Ghost,ghost,Standard,<p>The Guardian has resistance to physical damage. <strong>Mark a Stress</strong> to move up to Close range through solid objects.</p>
Ghost Blade,ghost-blade,Standard,"<p><strong>Spend a Fear</strong> to make an attack against a target within Very Close range. On a success, deal <strong>2d10+6</strong> physical damage and the target must mark a Stress.</p>"
Horrifying,horrifying,Standard,<p>Targets who mark HP from the Zombie’s attacks must also mark a Stress.</p>
Lurching Lunge,lurching-lunge,Standard,<p><strong>Mark a Stress</strong> to spotlight the Experiment as an additional GM move instead of spending Fear.</p>
Maintain Distance,maintain-distance,Standard,"<p>After making a standard attack, the Harrier can move anywhere within Far range.</p>"
Mistform,mistform,Standard,"<p>When the Vampire takes physical damage, you can <strong>spend a Fear</strong> to take half damage.</p>"
Only Bones,only-bones,Standard,<p>The Warrior is resistant to physical damage.</p>
Overwhelm,overwhelm,Standard,"<p>When a target the Experiment attacks has other adversaries within Very Close range, the Experiment deals double damage.</p>"
Overwhelm,overwhelm,Standard,"<p>When a target the Experiment attacks has other adversaries within Very Close range, the Experiment deals double damage.</p>"
Pack tactics,pack-tactics,Standard,"<p>If the Soldier makes a standard attack and another Sylvan Soldier is within Melee range of the target, deal <strong>1d8+5</strong> physical damage instead of their standard damage.</p>"
Reinforce,reinforce,Standard,"<p><strong>Mark a Stress</strong> to move into Melee range of an ally and make a standard attack against a target within Very Close range. On a success, deal <strong>2d10+2</strong> physical damage and the ally can clear a Stress.</p>"
Shield Wall,shield-wall,Standard,"<p>A creature who tries to move within Very Close range of the Guard must succeed on an Agility Roll. If additional Bladed Guards are standing in a line alongside the f i rst, and each is within Melee range of another guard in the line, the Diffi  culty increases by the total number of guards in that line.</p>"
Spinning Serpent,spinning-serpent,Standard,<p><strong>Mark a Stress</strong> to make an attack against all targets within Very Close range. Targets the Snake succeeds against take <strong>1d6+1</strong> physical damage.</p>
Spitter,spitter,Standard,"<p><strong>Spend a Fear</strong> to introduce a <strong>d6</strong> Spitter Die. When the Snake is in the spotlight, roll this die. On a result of 5 or higher, all targets in front of the Snake within Far range must succeed on an Agility Reaction Roll or take <strong>1d4</strong> physical damage. The Snake can take the spotlight a second time this GM turn.</p><p>@Template[type:inFront|range:f]</p>"
Thorny Armor,thorny-armor,Standard,"<p>When the Knight takes damage from an attack within Melee range, you can <strong>mark a Stress</strong> to deal <strong>1d10+5</strong> physical damage to the attacker.</p>"
Too Many to Handle,too-many-to-handle,Standard,"<p>When the Zombie is within Melee range of a creature and at least one other Zombie is within Close range, all attacks against that creature have advantage.</p>"
Unseen Strike,unseen-strike,Standard,"<p>If the Sniper is <em>Hidden</em> when they make a successful standard attack against a target, they deal <strong>1d10+4</strong> physical damage instead of their standard damage.</p>"
Vassal's Loyalty,vassal-s-loyalty,Standard,"<p>When the Soldier is within Very Close range of a knight or other noble who would take damage, you can mark a Stress to move into Melee range of them and take the damage instead.</p>"
Warped Fortitude,warped-fortitude,Standard,<p>The Experiment is resistant to physical damage.</p>
Won't Stay Dead,won-t-stay-dead,Standard,"<p>When the Warrior is defeated, you can spotlight them and roll a <strong>d6</strong>. On a result of 6, if there are other adversaries on the battlefi eld, the Warrior re-forms with no marked HP.</p>"
Blocking Shield,blocking-shield,Support,<p>Creatures within Melee range of the Gaoler have disadvantage on attack rolls against them. Creatures trapped inside the Gaoler are immune to this feature.</p>
Chaotic Flux,chaotic-flux,Support,<p>Make an attack against up to three targets within Very Close range. <strong>Mark a Stress</strong> to deal <strong>2d6+3</strong> magic damage to targets the Hexer succeeded against.</p>
Conflagration,conflagration,Support,<p><strong>Spend a Fear</strong> to unleash an all-consuming f i restorm and make an attack against all targets within Close range. Targets the Sorcerer succeeds against take <strong>2d10+6</strong> direct magic damage.</p><p>@Template[type:emanation|range:c]</p>
Curse,curse,Support,"<p>Choose a target within Far range and temporarily Curse them. While the target is Cursed, you can <strong>mark a Stress</strong> when that target rolls with Hope to make the roll be with Fear instead.</p>"
Disgorge Realiy Flotsam,disgorge-realiy-flotsam,Support,<p><strong>Mark a Stress</strong> to spew partially digested portions of consumed realities at all targets within Close range. Targets must succeed on a Knowledge Reaction Roll or mark 2 Stress.</p><p>@Template[type:emanation|range:c]</p>
Drowning Embrace,drowning-embrace,Support,"<p><strong>Spend a Fear</strong> to make an attack against all targets within Very Close range. Targets the Elemental succeeds against become <em>Restrained</em> and <em>Vulnerable</em> as they begin drowning. A target can break free, ending both conditions, with a successful Strength or Instinct Roll.</p><p>@Template[type:emanation|range:vc]</p>"
Enervating Blast,enervating-blast,Support,"<p><strong>Spend a Fear</strong> to make a standard attack against a target within range. On a success, the target must mark a Stress.</p>"
Fear Is Fuel,fear-is-fuel,Support,"<p> Twice per scene, when a PC rolls a failure with Fear, clear a Stress.</p>"
High Tide,high-tide,Support,"<p>When the Elemental makes a successful standard attack, you can <strong>mark a Stress</strong> to knock the target back to Close range.</p>"
Lock Up,lock-up,Support,"<p><strong>Mark a Stress</strong> to make an attack against a target within Very Close range. On a success, the target is <em>Restrained</em> within the Gaoler until freed with a successful Strength Roll (18). While <em>Restrained</em>, the target can only attack the Gaoler. </p>"
Money Is Time,money-is-time,Support,<p><strong>Spend 3 handfuls of gold (or a Fear)</strong> to spotlight [[/r 1d4+1]] allies.</p>
Money Talks,money-talks,Support,"<p>Attacks against the Demon are made with disadvantage unless the attacker spends a handful of gold. This Demon starts with a number of handfuls equal to the number of PCs. When a target marks HP from the Demon’s standard attack, they can spend a handful of gold instead of marking HP (1 handful per HP). Add a handful of gold to the Demon for each handful of gold spent by PCs on this feature.</p>"
Nightmare Tableau,nightmare-tableau,Support,"<p><strong>Mark a Stress</strong> to trap a target within Far range in a powerful illusion of their worst fears. While trapped, the target is <em>Restrained</em> and <em>Vulnerable</em> until they break free, ending both conditions, with a successful Instinct Roll.</p>"
Number Must Go Up,number-must-go-up,Support,<p>Add a bonus to the Demon’s attack rolls equal to the number of handfuls of gold they have.</p>
Shackles of Guilt,shackles-of-guilt,Support,"<p>Countdown (Loop 2d6). When the Sorcerer is in the spotlight for the first time, activate the countdown. When it triggers, all targets within Far range become Vulnerable and must mark a Stress as they relive their greatest regrets. A target can break free from their regret with a successful Presence or Strength Roll. When a PC fails to break free, they lose a Hope.</p><p>@Template[type:emanation|range:f]</p>"
Shadow Shackles,shadow-shackles,Support,<p><strong>Spend a Fear</strong> and choose a point within Far range. All targets within Close range of that point are <em>Restrained</em> in smoky chains until they break free with a successful Strength or Instinct Roll. A target Restrained by this feature must spend a Hope to make an action roll.</p><p>@Template[type:circle|range:c]</p>
Shroud of the Fallen,shroud-of-the-fallen,Support,"<p><strong>Mark a Stress</strong> to wrap an ally within Close range in a shroud of Protection until the Adept marks their last HP. While Protected, the target has resistance to all damage.</p>"
Slippery,slippery,Support,"<p>When the Sorcerer takes damage from an attack, they can teleport up to Far range.</p>"
Water Jet,water-jet,Support,"<p><strong>Mark a Stress</strong> to attack a target within Very Close range. On a success, deal <strong>2d4+7</strong> physical damage and the target’s next action has disadvantage. On a failure, the target must mark a Stress.</p>"
Will-Shattering Touch,will-shattering-touch,Support,"<p>When a PC takes damage from the Corrupter, they lose a Hope.</p>"
